<?xml version="1.0" encoding="UTF-8" ?>
<VIRTUAL_DIR>
  <virtual_files>
    <OBJECT>
      <name val="fundoferramentas.jpg"/>
      <v_name val="fundoferramentas.jpg"/>
      <crc val="64ec"/>
    </OBJECT>
    <OBJECT>
      <name val="manualiconsempre-ip.png"/>
      <v_name val="manualiconsempre-ip.png"/>
      <v_path val="Image import (b166)/"/>
      <crc val="5edd"/>
    </OBJECT>
    <OBJECT>
      <name val="manualiconsempre-linkeoip.png"/>
      <v_name val="manualiconsempre-linkeoip.png"/>
      <v_path val="Image import (b166)/"/>
      <crc val="6826"/>
    </OBJECT>
    <OBJECT>
      <name val="manualiconsempre.png"/>
      <v_name val="manualiconsempre.png"/>
      <crc val="4e69"/>
    </OBJECT>
    <OBJECT>
      <name val="ORGANOGRAMA_20ATENDIMENTO.png"/>
      <v_name val="ORGANOGRAMA ATENDIMENTO.png"/>
      <crc val="ccdd"/>
    </OBJECT>
    <OBJECT>
      <name val="sempre-removebg-over.png"/>
      <v_name val="sempre-removebg-over.png"/>
      <crc val="acf2"/>
    </OBJECT>
    <OBJECT>
      <name val="sempre-removebg-preview.png"/>
      <v_name val="sempre-removebg-preview.png"/>
      <crc val="d3fc"/>
    </OBJECT>
    <OBJECT>
      <name val="sempre.jpg"/>
      <v_name val="sempre.jpg"/>
      <crc val="ec7c"/>
    </OBJECT>
    <OBJECT>
      <name val="sempre_20atendimento.png"/>
      <v_name val="sempre atendimento.png"/>
      <crc val="552c"/>
    </OBJECT>
    <OBJECT>
      <name val="wa_import.jpg"/>
      <v_name val="wa_import.jpg"/>
      <crc val="3e2b"/>
    </OBJECT>
  </virtual_files>
</VIRTUAL_DIR>
