<?xml version="1.0" encoding="UTF-8" ?>
<VIRTUAL_DIR>
  <virtual_files>
    <OBJECT>
      <name val="0.wpml"/>
      <v_name val="INICIO"/>
    </OBJECT>
    <OBJECT>
      <name val="1.wpml"/>
      <v_name val="FERRAMENTAS"/>
    </OBJECT>
    <OBJECT>
      <name val="2.wpml"/>
      <v_name val="R.O.T"/>
    </OBJECT>
    <OBJECT>
      <name val="3.wpml"/>
      <v_name val="MANUAIS"/>
    </OBJECT>
    <OBJECT>
      <name val="4.wpml"/>
      <v_name val="OI-PRODEMGE"/>
    </OBJECT>
    <OBJECT>
      <name val="5.wpml"/>
      <v_name val="GOVERNAMENTAL"/>
    </OBJECT>
    <OBJECT>
      <name val="6.wpml"/>
      <v_name val="ATENDIMENTO"/>
    </OBJECT>
  </virtual_files>
</VIRTUAL_DIR>
