<?xml version="1.0" encoding="UTF-8" ?>
<VIRTUAL_DIR>
  <virtual_files>
    <OBJECT>
      <name val="fundoferramentas.jpg"/>
      <v_name val="fundoferramentas.jpg"/>
      <crc val="64ec"/>
    </OBJECT>
    <OBJECT>
      <name val="ORGANOGRAMA_20ATENDIMENTO.png"/>
      <v_name val="ORGANOGRAMA ATENDIMENTO.png"/>
      <crc val="ccdd"/>
    </OBJECT>
    <OBJECT>
      <name val="sempre-removebg-over.png"/>
      <v_name val="sempre-removebg-over.png"/>
      <crc val="acf2"/>
    </OBJECT>
    <OBJECT>
      <name val="sempre-removebg-preview.png"/>
      <v_name val="sempre-removebg-preview.png"/>
      <crc val="d3fc"/>
    </OBJECT>
    <OBJECT>
      <name val="sempre.jpg"/>
      <v_name val="sempre.jpg"/>
      <crc val="ec7c"/>
    </OBJECT>
    <OBJECT>
      <name val="sempre_20atendimento.png"/>
      <v_name val="sempre atendimento.png"/>
      <crc val="552c"/>
    </OBJECT>
  </virtual_files>
</VIRTUAL_DIR>
